policy,static_500MB,dynamic_200_1000MB
KDE,0.1961961961961962,0.20540540540540542
LSTM,0.1962962962962963,0.2062062062062062
